Ratio Data Name,Column,Column2,22rv1|nt|6h,Reference,22rv1|nt|6h vs. Reference,22rv2|olaparib|6h,Reference2,22rv2|olaparib|6h vs. Reference
Endogenous,ABL1,NM_005157.3,319.20,319.20,1.00,333.54,319.20,1.04
Endogenous,ACVR2A,NM_001616.3,107.00,107.00,1.00,95.61,107.00,-1.12
Endogenous,AKT1,NM_005163.2,2130.10,2130.10,1.00,1791.11,2130.10,-1.19
Endogenous,AKT3,NM_181690.1,8.16,8.16,1.00,4.45,8.16,-1.84
Endogenous,ALKBH2,NM_001001655.2,242.12,242.12,1.00,261.27,242.12,1.08
Endogenous,ALKBH3,NM_139178.3,321.92,321.92,1.00,364.67,321.92,1.13
Endogenous,AMER1,NM_152424.3,89.77,89.77,1.00,94.50,89.77,1.05
Endogenous,AMH,NM_000479.3,19.04,19.04,1.00,20.01,19.04,1.05
Endogenous,ANGPT1,NM_001146.3,1.00,1.00,1.00,4.45,1.00,4.45
Endogenous,APC,NM_000038.3,99.75,99.75,1.00,77.83,99.75,-1.28
Endogenous,APH1B,NM_001145646.1,9.07,9.07,1.00,11.12,9.07,1.23
Endogenous,AR,NM_001011645.1,1399.21,1399.21,1.00,1544.29,1399.21,1.10
Endogenous,ARID1A,NM_006015.4,534.11,534.11,1.00,494.75,534.11,-1.08
Endogenous,ARID1B,NM_020732.3,534.11,534.11,1.00,433.60,534.11,-1.23
Endogenous,ARID2,NM_152641.2,895.93,895.93,1.00,774.92,895.93,-1.16
Endogenous,ARNT2,NM_014862.3,87.05,87.05,1.00,68.93,87.05,-1.26
Endogenous,ASXL1,NM_001164603.1,214.01,214.01,1.00,207.91,214.01,-1.03
Endogenous,ATM,NM_138292.3,69.82,69.82,1.00,51.14,69.82,-1.37
Endogenous,ATR,NM_001184.2,286.55,286.55,1.00,260.16,286.55,-1.10
Endogenous,ATRX,NM_000489.3,409.88,409.88,1.00,403.58,409.88,-1.02
Endogenous,AXIN1,NM_181050.1,339.15,339.15,1.00,303.52,339.15,-1.12
Endogenous,AXIN2,NM_004655.3,39.90,39.90,1.00,42.25,39.90,1.06
Endogenous,B2M,NM_004048.2,5108.08,5108.08,1.00,5798.03,5108.08,1.14
Endogenous,BAD,NM_004322.3,479.70,479.70,1.00,452.50,479.70,-1.06
Endogenous,BAIAP3,NM_003933.4,76.17,76.17,1.00,105.62,76.17,1.39
Endogenous,BAMBI,NM_012342.2,84.33,84.33,1.00,75.60,84.33,-1.12
Endogenous,BAP1,NM_004656.2,629.33,629.33,1.00,528.10,629.33,-1.19
Endogenous,BAX,NM_138761.3,1605.06,1605.06,1.00,1742.19,1605.06,1.09
Endogenous,BCL2,NM_000657.2,114.26,114.26,1.00,111.18,114.26,-1.03
Endogenous,BCL2A1,NM_004049.2,4.53,4.53,1.00,3.34,4.53,-1.36
Endogenous,BCL2L1,NM_138578.1,270.23,270.23,1.00,260.16,270.23,-1.04
Endogenous,BCOR,NM_001123383.1,706.41,706.41,1.00,732.68,706.41,1.04
Endogenous,BDNF,NM_170732.4,16.32,16.32,1.00,21.12,16.32,1.29
Endogenous,BID,NM_197966.1,54.41,54.41,1.00,55.59,54.41,1.02
Endogenous,BIRC3,NM_182962.1,5.44,5.44,1.00,16.68,5.44,3.07
Endogenous,BIRC7,NM_022161.2,1.00,1.00,1.00,2.22,1.00,2.22
Endogenous,BMP2,NM_001200.2,827.92,827.92,1.00,1047.31,827.92,1.26
Endogenous,BMP4,NM_001202.2,6.35,6.35,1.00,1.11,6.35,-5.71
Endogenous,BMP5,NM_021073.2,12.70,12.70,1.00,13.34,12.70,1.05
Endogenous,BMP6,NM_001718.2,60.76,60.76,1.00,53.37,60.76,-1.14
Endogenous,BMP7,NM_001719.1,8.16,8.16,1.00,4.45,8.16,-1.84
Endogenous,BMP8A,NM_181809.3,28.11,28.11,1.00,13.34,28.11,-2.11
Endogenous,BMPR1B,NM_001203.1,119.70,119.70,1.00,131.19,119.70,1.10
Endogenous,BNIP3,NM_004052.2,591.24,591.24,1.00,590.37,591.24,-1.00
Endogenous,BRAF,NM_004333.3,629.33,629.33,1.00,682.64,629.33,1.08
Endogenous,BRCA1,NM_007305.2,840.62,840.62,1.00,786.04,840.62,-1.07
Endogenous,BRCA2,NM_000059.3,371.79,371.79,1.00,332.43,371.79,-1.12
Endogenous,BRIP1,NM_032043.1,453.41,453.41,1.00,410.25,453.41,-1.11
Endogenous,C19orf40,NM_152266.3,116.98,116.98,1.00,96.73,116.98,-1.21
Endogenous,CACNA1D,NM_000720.2,47.15,47.15,1.00,48.92,47.15,1.04
Endogenous,CACNA1E,NM_000721.2,5.44,5.44,1.00,3.34,5.44,-1.63
Endogenous,CACNA1G,NM_198397.1,11.79,11.79,1.00,13.34,11.79,1.13
Endogenous,CACNA1H,NM_021098.2,9.07,9.07,1.00,8.89,9.07,-1.02
Endogenous,CACNA2D2,NM_001005505.1,91.59,91.59,1.00,81.16,91.59,-1.13
Endogenous,CACNA2D3,NM_018398.2,17.23,17.23,1.00,10.01,17.23,-1.72
Endogenous,CACNA2D4,NM_001005737.1,5.44,5.44,1.00,2.22,5.44,-2.45
Endogenous,CACNB2,NM_000724.3,107.00,107.00,1.00,84.50,107.00,-1.27
Endogenous,CACNB3,NM_000725.2,119.70,119.70,1.00,73.38,119.70,-1.63
Endogenous,CACNG4,NM_014405.2,15.42,15.42,1.00,14.45,15.42,-1.07
Endogenous,CACNG6,NM_145814.1,9.07,9.07,1.00,4.45,9.07,-2.04
Endogenous,CALML5,NM_017422.4,8.16,8.16,1.00,11.12,8.16,1.36
Endogenous,CALML6,NM_138705.2,2.72,2.72,1.00,1.11,2.72,-2.45
Endogenous,CAMK2B,NM_001220.3,54.41,54.41,1.00,51.14,54.41,-1.06
Endogenous,CAPN2,NM_001748.4,86.15,86.15,1.00,65.60,86.15,-1.31
Endogenous,CARD11,NM_032415.2,1.00,1.00,1.00,4.45,1.00,4.45
Endogenous,CASP10,NM_032977.3,3.63,3.63,1.00,3.34,3.63,-1.09
Endogenous,CASP12,NM_001191016.1,2.72,2.72,1.00,8.89,2.72,3.27
Endogenous,CASP3,NM_032991.2,540.46,540.46,1.00,539.22,540.46,-1.00
Endogenous,CASP7,NM_001227.3,204.94,204.94,1.00,197.90,204.94,-1.04
Endogenous,CASP8,NM_001228.4,78.89,78.89,1.00,70.04,78.89,-1.13
Endogenous,CASP9,NM_001229.2,116.07,116.07,1.00,105.62,116.07,-1.10
Endogenous,CBL,NM_005188.2,107.91,107.91,1.00,93.39,107.91,-1.16
Endogenous,CBLC,NM_012116.3,38.99,38.99,1.00,35.58,38.99,-1.10
Endogenous,CCNA2,NM_001237.2,2338.67,2338.67,1.00,2049.05,2338.67,-1.14
Endogenous,CCNB1,NM_031966.2,3139.39,3139.39,1.00,2527.12,3139.39,-1.24
Endogenous,CCNB3,NM_033671.1,20.86,20.86,1.00,7.78,20.86,-2.68
Endogenous,CCND1,NM_053056.2,10435.60,10435.60,1.00,9422.50,10435.60,-1.11
Endogenous,CCND2,NM_001759.2,3.63,3.63,1.00,2.22,3.63,-1.63
Endogenous,CCND3,NM_001760.2,167.76,167.76,1.00,146.76,167.76,-1.14
Endogenous,CCNE1,NM_001238.1,177.74,177.74,1.00,163.43,177.74,-1.09
Endogenous,CCNE2,NM_057735.1,698.25,698.25,1.00,743.79,698.25,1.07
Endogenous,CCNO,NM_021147.3,8.16,8.16,1.00,3.34,8.16,-2.45
Endogenous,CD14,NM_000591.2,10.88,10.88,1.00,5.56,10.88,-1.96
Endogenous,CD19,NM_001770.4,11.79,11.79,1.00,16.68,11.79,1.41
Endogenous,CD40,NM_001250.4,3.63,3.63,1.00,3.34,3.63,-1.09
Endogenous,CDC14A,NM_033313.2,445.25,445.25,1.00,418.04,445.25,-1.07
Endogenous,CDC14B,NM_003671.3,39.90,39.90,1.00,28.91,39.90,-1.38
Endogenous,CDC25A,NM_001789.2,515.07,515.07,1.00,471.40,515.07,-1.09
Endogenous,CDC25B,NM_021873.2,653.81,653.81,1.00,764.92,653.81,1.17
Endogenous,CDC25C,NM_001790.2,106.10,106.10,1.00,68.93,106.10,-1.54
Endogenous,CDC6,NM_001254.3,1972.32,1972.32,1.00,1986.78,1972.32,1.01
Endogenous,CDC7,NM_003503.2,425.30,425.30,1.00,354.66,425.30,-1.20
Endogenous,CDH1,NM_004360.2,2810.21,2810.21,1.00,2320.32,2810.21,-1.21
Endogenous,CDK2,NM_001798.2,545.90,545.90,1.00,516.99,545.90,-1.06
Endogenous,CDK6,NM_001259.5,172.29,172.29,1.00,115.63,172.29,-1.49
Endogenous,CDKN1A,NM_000389.2,573.11,573.11,1.00,1082.89,573.11,1.89
Endogenous,CDKN1B,NM_004064.2,314.66,314.66,1.00,301.30,314.66,-1.04
Endogenous,CDKN1C,NM_000076.2,166.85,166.85,1.00,212.35,166.85,1.27
Endogenous,CDKN2A,NM_000077.3,87.05,87.05,1.00,63.37,87.05,-1.37
Endogenous,CDKN2B,NM_004936.3,24.48,24.48,1.00,21.12,24.48,-1.16
Endogenous,CDKN2C,NM_001262.2,363.63,363.63,1.00,235.70,363.63,-1.54
Endogenous,CDKN2D,NM_001800.3,127.86,127.86,1.00,121.19,127.86,-1.06
Endogenous,CEBPA,NM_004364.2,110.63,110.63,1.00,86.72,110.63,-1.28
Endogenous,CEBPE,NM_001805.2,6.35,6.35,1.00,2.22,6.35,-2.85
Endogenous,CHEK2,NM_007194.3,186.80,186.80,1.00,202.35,186.80,1.08
Endogenous,CHUK,NM_001278.3,1010.19,1010.19,1.00,1039.53,1010.19,1.03
Endogenous,CIC,NM_015125.3,117.89,117.89,1.00,66.71,117.89,-1.77
Endogenous,CLCF1,NM_013246.2,44.43,44.43,1.00,28.91,44.43,-1.54
Endogenous,CNTFR,NM_147164.1,97.03,97.03,1.00,71.16,97.03,-1.36
Endogenous,COL11A1,NM_001854.3,3.63,3.63,1.00,5.56,3.63,1.53
Endogenous,COL11A2,NM_001163771.1,6.35,6.35,1.00,3.34,6.35,-1.90
Endogenous,COL24A1,NM_152890.5,18.14,18.14,1.00,7.78,18.14,-2.33
Endogenous,COL27A1,NM_032888.2,18.14,18.14,1.00,24.46,18.14,1.35
Endogenous,COL2A1,NM_001844.4,64.38,64.38,1.00,43.36,64.38,-1.48
Endogenous,COL4A3,NM_000091.3,8.16,8.16,1.00,10.01,8.16,1.23
Endogenous,COL4A4,NM_000092.4,5.44,5.44,1.00,5.56,5.44,1.02
Endogenous,COL4A5,NM_033381.1,283.83,283.83,1.00,286.84,283.83,1.01
Endogenous,COL4A6,NM_001847.2,8.16,8.16,1.00,4.45,8.16,-1.84
Endogenous,COL5A1,NM_000093.3,1.00,1.00,1.00,2.22,1.00,2.22
Endogenous,COL5A2,NM_000393.3,209.47,209.47,1.00,193.45,209.47,-1.08
Endogenous,COL6A6,NM_001102608.1,3.63,3.63,1.00,3.34,3.63,-1.09
Endogenous,COMP,NM_000095.2,5.44,5.44,1.00,7.78,5.44,1.43
Endogenous,CREB3L1,NM_052854.1,21.76,21.76,1.00,23.35,21.76,1.07
Endogenous,CREB3L3,NM_001271995.1,1.00,1.00,1.00,3.34,1.00,3.34
Endogenous,CREB3L4,NM_130898.2,122.42,122.42,1.00,112.29,122.42,-1.09
Endogenous,CREB5,NM_182898.2,117.89,117.89,1.00,105.62,117.89,-1.12
Endogenous,CREBBP,NM_004380.2,37.18,37.18,1.00,20.01,37.18,-1.86
Endogenous,CRLF2,NM_001012288.1,2.72,2.72,1.00,3.34,2.72,1.23
Endogenous,CSF1R,NM_005211.2,2.72,2.72,1.00,1.11,2.72,-2.45
Endogenous,CSF2,NM_000758.2,1.00,1.00,1.00,3.34,1.00,3.34
Endogenous,CSF3,NM_000759.3,2.72,2.72,1.00,3.34,2.72,1.23
Endogenous,CTNNB1,NM_001904.3,4606.61,4606.61,1.00,4239.29,4606.61,-1.09
Endogenous,CUL1,NM_003592.2,1542.49,1542.49,1.00,1474.25,1542.49,-1.05
Endogenous,CXXC4,NM_025212.1,9.97,9.97,1.00,7.78,9.97,-1.28
Endogenous,CYLD,NM_015247.1,184.99,184.99,1.00,180.11,184.99,-1.03
Endogenous,DAXX,NM_001350.3,792.55,792.55,1.00,635.95,792.55,-1.25
Endogenous,DDB2,NM_000107.1,246.65,246.65,1.00,267.94,246.65,1.09
Endogenous,DDIT3,NM_004083.4,2332.32,2332.32,1.00,2163.56,2332.32,-1.08
Endogenous,DDIT4,NM_019058.2,248.47,248.47,1.00,351.33,248.47,1.41
Endogenous,DKK1,NM_012242.2,519.60,519.60,1.00,463.62,519.60,-1.12
Endogenous,DKK2,NM_014421.2,12.70,12.70,1.00,4.45,12.70,-2.85
Endogenous,DKK4,NM_014420.2,6.35,6.35,1.00,5.56,6.35,-1.14
Endogenous,DLL1,NM_005618.3,3.63,3.63,1.00,3.34,3.63,-1.09
Endogenous,DLL3,NM_203486.2,24.48,24.48,1.00,21.12,24.48,-1.16
Endogenous,DNMT1,NM_001379.2,1342.08,1342.08,1.00,1225.20,1342.08,-1.10
Endogenous,DNMT3A,NM_022552.3,607.56,607.56,1.00,480.30,607.56,-1.26
Endogenous,DTX3,NM_178502.2,38.99,38.99,1.00,34.47,38.99,-1.13
Endogenous,DTX4,NM_015177.1,16.32,16.32,1.00,21.12,16.32,1.29
Endogenous,DUSP10,NM_144728.2,115.17,115.17,1.00,135.64,115.17,1.18
Endogenous,DUSP2,NM_004418.3,217.64,217.64,1.00,230.14,217.64,1.06
Endogenous,DUSP4,NM_057158.2,379.05,379.05,1.00,637.06,379.05,1.68
Endogenous,DUSP5,NM_004419.3,44.43,44.43,1.00,75.60,44.43,1.70
Endogenous,DUSP6,NM_001946.2,264.79,264.79,1.00,243.48,264.79,-1.09
Endogenous,DUSP8,NM_004420.2,95.22,95.22,1.00,91.17,95.22,-1.04
Endogenous,E2F1,NM_005225.1,661.07,661.07,1.00,634.84,661.07,-1.04
Endogenous,E2F5,NM_001951.3,435.27,435.27,1.00,456.95,435.27,1.05
Endogenous,EFNA1,NM_004428.2,223.08,223.08,1.00,190.12,223.08,-1.17
Endogenous,EFNA2,NM_001405.3,55.32,55.32,1.00,33.35,55.32,-1.66
Endogenous,EFNA3,NM_004952.4,177.74,177.74,1.00,100.06,177.74,-1.78
Endogenous,EFNA5,NM_001962.2,48.97,48.97,1.00,41.14,48.97,-1.19
Endogenous,EGF,NM_001963.3,6.35,6.35,1.00,5.56,6.35,-1.14
Endogenous,EGFR,NM_201282.1,812.50,812.50,1.00,787.15,812.50,-1.03
Endogenous,EIF4EBP1,NM_004095.3,1966.88,1966.88,1.00,1813.34,1966.88,-1.08
Endogenous,ENDOG,NM_004435.2,1519.82,1519.82,1.00,1465.35,1519.82,-1.04
Endogenous,EP300,NM_001429.2,998.40,998.40,1.00,906.12,998.40,-1.10
Endogenous,EPHA2,NM_004431.2,243.03,243.03,1.00,183.45,243.03,-1.32
Endogenous,EPO,NM_000799.2,2.72,2.72,1.00,1.11,2.72,-2.45
Endogenous,EPOR,NM_000121.2,48.97,48.97,1.00,42.25,48.97,-1.16
Endogenous,ERBB2,NM_004448.2,393.56,393.56,1.00,283.51,393.56,-1.39
Endogenous,ERCC2,NM_000400.2,207.66,207.66,1.00,197.90,207.66,-1.05
Endogenous,ERCC6,NM_000124.2,121.51,121.51,1.00,151.20,121.51,1.24
Endogenous,ETS2,NM_005239.4,567.66,567.66,1.00,871.65,567.66,1.54
Endogenous,ETV1,NM_004956.4,418.95,418.95,1.00,365.78,418.95,-1.15
Endogenous,ETV4,NM_001079675.1,127.86,127.86,1.00,96.73,127.86,-1.32
Endogenous,ETV7,NM_016135.2,21.76,21.76,1.00,32.24,21.76,1.48
Endogenous,EZH2,NM_004456.3,796.18,796.18,1.00,777.15,796.18,-1.02
Endogenous,FANCA,NM_000135.2,282.02,282.02,1.00,243.48,282.02,-1.16
Endogenous,FANCB,NM_152633.2,183.18,183.18,1.00,153.43,183.18,-1.19
Endogenous,FANCC,NM_000136.2,583.08,583.08,1.00,615.94,583.08,1.06
Endogenous,FANCE,NM_021922.2,74.36,74.36,1.00,77.83,74.36,1.05
Endogenous,FANCG,NM_004629.1,254.81,254.81,1.00,240.15,254.81,-1.06
Endogenous,FANCL,NM_001114636.1,570.39,570.39,1.00,583.69,570.39,1.02
Endogenous,FAS,NM_152876.1,138.74,138.74,1.00,197.90,138.74,1.43
Endogenous,FASLG,NM_000639.1,10.88,10.88,1.00,5.56,10.88,-1.96
Endogenous,FBXW7,NM_018315.4,83.43,83.43,1.00,113.40,83.43,1.36
Endogenous,FEN1,NM_004111.4,1211.50,1211.50,1.00,1225.20,1211.50,1.01
Endogenous,FGF1,NM_033137.1,7.25,7.25,1.00,4.45,7.25,-1.63
Endogenous,FGF10,NM_004465.1,8.16,8.16,1.00,4.45,8.16,-1.84
Endogenous,FGF11,NM_004112.2,48.97,48.97,1.00,33.35,48.97,-1.47
Endogenous,FGF12,NM_004113.4,11.79,11.79,1.00,11.12,11.79,-1.06
Endogenous,FGF13,NM_033642.1,283.83,283.83,1.00,290.18,283.83,1.02
Endogenous,FGF14,NM_004115.3,6.35,6.35,1.00,4.45,6.35,-1.43
Endogenous,FGF16,NM_003868.1,4.53,4.53,1.00,7.78,4.53,1.72
Endogenous,FGF17,NM_003867.2,15.42,15.42,1.00,16.68,15.42,1.08
Endogenous,FGF18,NM_003862.1,3.63,3.63,1.00,4.45,3.63,1.23
Endogenous,FGF2,NM_002006.4,84.33,84.33,1.00,68.93,84.33,-1.22
Endogenous,FGF20,NM_019851.1,8.16,8.16,1.00,1.11,8.16,-7.34
Endogenous,FGF21,NM_019113.2,7.25,7.25,1.00,4.45,7.25,-1.63
Endogenous,FGF22,NM_020637.1,16.32,16.32,1.00,11.12,16.32,-1.47
Endogenous,FGF23,NM_020638.2,3.63,3.63,1.00,4.45,3.63,1.23
Endogenous,FGF3,NM_005247.2,2.72,2.72,1.00,1.11,2.72,-2.45
Endogenous,FGF4,NM_002007.2,6.35,6.35,1.00,2.22,6.35,-2.85
Endogenous,FGF5,NM_004464.3,4.53,4.53,1.00,3.34,4.53,-1.36
Endogenous,FGF7,NM_002009.3,3.63,3.63,1.00,1.11,3.63,-3.26
Endogenous,FGF8,NM_033163.3,7.25,7.25,1.00,4.45,7.25,-1.63
Endogenous,FGFR1,NM_015850.2,61.66,61.66,1.00,70.04,61.66,1.14
Endogenous,FGFR3,NM_022965.2,573.11,573.11,1.00,478.07,573.11,-1.20
Endogenous,FGFR4,NM_002011.3,66.20,66.20,1.00,54.48,66.20,-1.22
Endogenous,FIGF,NM_004469.2,9.97,9.97,1.00,8.89,9.97,-1.12
Endogenous,FLNA,NM_001456.3,770.79,770.79,1.00,658.18,770.79,-1.17
Endogenous,FLNC,NM_001127487.1,99.75,99.75,1.00,84.50,99.75,-1.18
Endogenous,FLT1,NM_002019.4,4.53,4.53,1.00,4.45,4.53,-1.02
Endogenous,FLT3,NM_004119.1,4.53,4.53,1.00,4.45,4.53,-1.02
Endogenous,FN1,NM_212482.1,430.74,430.74,1.00,398.02,430.74,-1.08
Endogenous,FOS,NM_005252.2,264.79,264.79,1.00,315.75,264.79,1.19
Endogenous,FOSL1,NM_005438.2,15.42,15.42,1.00,11.12,15.42,-1.39
Endogenous,FOXL2,NM_023067.2,29.92,29.92,1.00,17.79,29.92,-1.68
Endogenous,FOXO4,NM_005938.2,43.53,43.53,1.00,52.25,43.53,1.20
Endogenous,FST,NM_006350.2,63.48,63.48,1.00,111.18,63.48,1.75
Endogenous,FUBP1,NM_003902.3,817.95,817.95,1.00,722.67,817.95,-1.13
Endogenous,FUT8,NM_004480.4,122.42,122.42,1.00,107.84,122.42,-1.14
Endogenous,FZD10,NM_007197.2,4.53,4.53,1.00,4.45,4.53,-1.02
Endogenous,FZD2,NM_001466.2,6.35,6.35,1.00,7.78,6.35,1.23
Endogenous,FZD3,NM_017412.2,222.17,222.17,1.00,195.68,222.17,-1.14
Endogenous,FZD7,NM_003507.1,21.76,21.76,1.00,14.45,21.76,-1.51
Endogenous,FZD8,NM_031866.1,113.35,113.35,1.00,84.50,113.35,-1.34
Endogenous,FZD9,NM_003508.2,22.67,22.67,1.00,27.79,22.67,1.23
Endogenous,GADD45A,NM_001924.2,482.42,482.42,1.00,766.03,482.42,1.59
Endogenous,GADD45B,NM_015675.2,164.13,164.13,1.00,209.02,164.13,1.27
Endogenous,GADD45G,NM_006705.3,68.01,68.01,1.00,60.04,68.01,-1.13
Endogenous,GAS1,NM_002048.2,5.44,5.44,1.00,5.56,5.44,1.02
Endogenous,GATA2,NM_032638.3,599.40,599.40,1.00,737.12,599.40,1.23
Endogenous,GATA3,NM_001002295.1,26.30,26.30,1.00,23.35,26.30,-1.13
Endogenous,GDF6,NM_001001557.2,7.25,7.25,1.00,4.45,7.25,-1.63
Endogenous,GHR,NM_000163.2,159.60,159.60,1.00,121.19,159.60,-1.32
Endogenous,GLI1,NM_005269.1,11.79,11.79,1.00,3.34,11.79,-3.53
Endogenous,GLI3,NM_000168.5,87.96,87.96,1.00,72.27,87.96,-1.22
Endogenous,GNA11,NM_002067.1,552.25,552.25,1.00,512.54,552.25,-1.08
Endogenous,GNAQ,NM_002072.2,253.00,253.00,1.00,200.12,253.00,-1.26
Endogenous,GNAS,NM_080425.1,1549.74,1549.74,1.00,1525.39,1549.74,-1.02
Endogenous,GNG12,NM_018841.3,1633.17,1633.17,1.00,1627.67,1633.17,-1.00
Endogenous,GNG4,NM_004485.2,346.40,346.40,1.00,332.43,346.40,-1.04
Endogenous,GNG7,NM_052847.1,9.97,9.97,1.00,13.34,9.97,1.34
Endogenous,GPC4,NM_001448.2,124.23,124.23,1.00,103.40,124.23,-1.20
Endogenous,GRB2,NM_002086.4,1456.34,1456.34,1.00,1366.40,1456.34,-1.07
Endogenous,GRIN1,NM_000832.5,32.65,32.65,1.00,23.35,32.65,-1.40
Endogenous,GRIN2A,NM_000833.3,3.63,3.63,1.00,5.56,3.63,1.53
Endogenous,GRIN2B,NM_000834.3,2.72,2.72,1.00,3.34,2.72,1.23
Endogenous,GSK3B,NM_002093.2,1107.22,1107.22,1.00,1016.18,1107.22,-1.09
Endogenous,GTF2H3,NM_001516.3,2241.64,2241.64,1.00,2478.20,2241.64,1.11
Endogenous,GZMB,NM_004131.3,5.44,5.44,1.00,4.45,5.44,-1.22
Endogenous,H2AFX,NM_002105.2,1931.51,1931.51,1.00,1411.98,1931.51,-1.37
Endogenous,H3F3A,NM_002107.3,8499.56,8499.56,1.00,8021.63,8499.56,-1.06
Endogenous,H3F3C,NM_001013699.2,11586.35,11586.35,1.00,10742.20,11586.35,-1.08
Endogenous,HDAC1,NM_004964.2,3272.69,3272.69,1.00,3218.66,3272.69,-1.02
Endogenous,HDAC10,NM_032019.5,267.51,267.51,1.00,224.58,267.51,-1.19
Endogenous,HDAC11,NM_024827.3,34.46,34.46,1.00,27.79,34.46,-1.24
Endogenous,HDAC2,NM_001527.1,4933.97,4933.97,1.00,5069.80,4933.97,1.03
Endogenous,HDAC4,NM_006037.3,59.85,59.85,1.00,62.26,59.85,1.04
Endogenous,HDAC5,NM_005474.4,228.52,228.52,1.00,221.25,228.52,-1.03
Endogenous,HDAC6,NM_006044.2,210.38,210.38,1.00,185.67,210.38,-1.13
Endogenous,HELLS,NM_018063.3,1892.52,1892.52,1.00,1658.80,1892.52,-1.14
Endogenous,HES1,NM_005524.2,352.75,352.75,1.00,489.19,352.75,1.39
Endogenous,HES5,NM_001010926.3,30.83,30.83,1.00,25.57,30.83,-1.21
Endogenous,HGF,NM_000601.4,3485.79,3485.79,1.00,3257.57,3485.79,-1.07
Endogenous,HHEX,NM_002729.4,25.39,25.39,1.00,23.35,25.39,-1.09
Endogenous,HHIP,NM_022475.1,5.44,5.44,1.00,2.22,5.44,-2.45
Endogenous,HIST1H3B,NM_003537.3,31071.94,31071.94,1.00,24512.94,31071.94,-1.27
Endogenous,HIST1H3G,NM_003534.2,6.35,6.35,1.00,3.34,6.35,-1.90
Endogenous,HIST1H3H,NM_003536.2,15932.70,15932.70,1.00,11895.14,15932.70,-1.34
Endogenous,HMGA1,NM_145904.1,39.90,39.90,1.00,45.58,39.90,1.14
Endogenous,HMGA2,NM_003484.1,17.23,17.23,1.00,27.79,17.23,1.61
Endogenous,HNF1A,NM_000545.4,69.82,69.82,1.00,53.37,69.82,-1.31
Endogenous,HOXA10,NM_018951.3,77.08,77.08,1.00,46.70,77.08,-1.65
Endogenous,HOXA9,NM_152739.3,103.38,103.38,1.00,73.38,103.38,-1.41
Endogenous,HPGD,NM_001145816.2,37.18,37.18,1.00,35.58,37.18,-1.05
Endogenous,HRAS,NM_005343.2,470.64,470.64,1.00,388.02,470.64,-1.21
Endogenous,HSP90B1,NM_003299.1,4387.16,4387.16,1.00,3969.12,4387.16,-1.11
Endogenous,HSPA1A,NM_005345.5,81.61,81.61,1.00,63.37,81.61,-1.29
Endogenous,HSPA6,NM_002155.3,10.88,10.88,1.00,12.23,10.88,1.12
Endogenous,HSPB1,NM_001540.3,2024.91,2024.91,1.00,1508.71,2024.91,-1.34
Endogenous,IBSP,NM_004967.3,10.88,10.88,1.00,2.22,10.88,-4.89
Endogenous,ID1,NM_002165.2,7934.61,7934.61,1.00,9338.00,7934.61,1.18
Endogenous,ID2,NM_002166.4,3088.60,3088.60,1.00,4002.48,3088.60,1.30
Endogenous,ID4,NM_001546.2,1635.89,1635.89,1.00,1767.76,1635.89,1.08
Endogenous,IDH1,NM_005896.2,1580.57,1580.57,1.00,1499.82,1580.57,-1.05
Endogenous,IFNA17,NM_021268.2,4.53,4.53,1.00,3.34,4.53,-1.36
Endogenous,IFNA2,NM_000605.3,1.00,1.00,1.00,2.22,1.00,2.22
Endogenous,IFNA7,NM_021057.2,3.63,3.63,1.00,2.22,3.63,-1.63
Endogenous,IFNG,NM_000619.2,5.44,5.44,1.00,1.11,5.44,-4.89
Endogenous,IGF1,NM_000618.3,26.30,26.30,1.00,17.79,26.30,-1.48
Endogenous,IGF1R,NM_000875.2,72.55,72.55,1.00,71.16,72.55,-1.02
Endogenous,IGFBP3,NM_000598.4,10953.39,10953.39,1.00,14463.39,10953.39,1.32
Endogenous,IKBKB,NM_001556.1,130.58,130.58,1.00,122.30,130.58,-1.07
Endogenous,IKBKG,NM_003639.2,121.51,121.51,1.00,127.86,121.51,1.05
Endogenous,IL10,NM_000572.2,19.95,19.95,1.00,7.78,19.95,-2.56
Endogenous,IL11RA,NM_147162.1,48.97,48.97,1.00,55.59,48.97,1.14
Endogenous,IL12A,NM_000882.2,18.14,18.14,1.00,13.34,18.14,-1.36
Endogenous,IL12B,NM_002187.2,4.53,4.53,1.00,5.56,4.53,1.23
Endogenous,IL12RB2,NM_001559.2,5.44,5.44,1.00,7.78,5.44,1.43
Endogenous,IL13,NM_002188.2,5.44,5.44,1.00,1.11,5.44,-4.89
Endogenous,IL13RA2,NM_000640.2,77.99,77.99,1.00,78.94,77.99,1.01
Endogenous,IL15,NM_172174.1,6.35,6.35,1.00,11.12,6.35,1.75
Endogenous,IL19,NM_013371.3,3.63,3.63,1.00,1.11,3.63,-3.26
Endogenous,IL1A,NM_000575.3,6.35,6.35,1.00,3.34,6.35,-1.90
Endogenous,IL1B,NM_000576.2,3.63,3.63,1.00,3.34,3.63,-1.09
Endogenous,IL1R1,NM_000877.2,28.11,28.11,1.00,44.47,28.11,1.58
Endogenous,IL1R2,NM_173343.1,19.04,19.04,1.00,17.79,19.04,-1.07
Endogenous,IL1RAP,NM_002182.2,29.92,29.92,1.00,31.13,29.92,1.04
Endogenous,IL20RB,NM_144717.2,22.67,22.67,1.00,25.57,22.67,1.13
Endogenous,IL22RA1,NM_021258.2,9.07,9.07,1.00,11.12,9.07,1.23
Endogenous,IL22RA2,NM_181309.1,5.44,5.44,1.00,4.45,5.44,-1.22
Endogenous,IL23A,NM_016584.2,16.32,16.32,1.00,14.45,16.32,-1.13
Endogenous,IL23R,NM_144701.2,9.97,9.97,1.00,5.56,9.97,-1.79
Endogenous,IL24,NM_181339.1,5.44,5.44,1.00,2.22,5.44,-2.45
Endogenous,IL2RA,NM_000417.1,4.53,4.53,1.00,1.11,4.53,-4.08
Endogenous,IL2RB,NM_000878.2,1.00,1.00,1.00,2.22,1.00,2.22
Endogenous,IL3,NM_000588.3,17.23,17.23,1.00,10.01,17.23,-1.72
Endogenous,IL3RA,NM_002183.2,6.35,6.35,1.00,4.45,6.35,-1.43
Endogenous,IL5RA,NM_000564.3,5.44,5.44,1.00,2.22,5.44,-2.45
Endogenous,IL6,NM_000600.1,4.53,4.53,1.00,3.34,4.53,-1.36
Endogenous,IL6R,NM_000565.2,133.30,133.30,1.00,170.11,133.30,1.28
Endogenous,IL7,NM_000880.2,14.51,14.51,1.00,17.79,14.51,1.23
Endogenous,IL8,NM_000584.2,18.14,18.14,1.00,17.79,18.14,-1.02
Endogenous,INHBA,NM_002192.2,22.67,22.67,1.00,40.02,22.67,1.77
Endogenous,INHBB,NM_002193.2,50.78,50.78,1.00,38.91,50.78,-1.31
Endogenous,IRAK2,NM_001570.3,99.75,99.75,1.00,106.73,99.75,1.07
Endogenous,IRS1,NM_005544.2,189.52,189.52,1.00,174.55,189.52,-1.09
Endogenous,ITGA2,NM_002203.2,214.91,214.91,1.00,226.81,214.91,1.06
Endogenous,ITGA3,NM_005501.2,125.14,125.14,1.00,108.96,125.14,-1.15
Endogenous,ITGA6,NM_000210.1,28.11,28.11,1.00,25.57,28.11,-1.10
Endogenous,ITGA7,NM_002206.1,24.48,24.48,1.00,12.23,24.48,-2.00
Endogenous,ITGA8,NM_003638.1,6.35,6.35,1.00,3.34,6.35,-1.90
Endogenous,ITGA9,NM_002207.2,11.79,11.79,1.00,11.12,11.79,-1.06
Endogenous,ITGB3,NM_000212.2,6.35,6.35,1.00,7.78,6.35,1.23
Endogenous,ITGB4,NM_001005731.1,2.72,2.72,1.00,5.56,2.72,2.04
Endogenous,ITGB6,NM_001282353.1,12.70,12.70,1.00,11.12,12.70,-1.14
Endogenous,ITGB7,NM_000889.1,9.07,9.07,1.00,8.89,9.07,-1.02
Endogenous,ITGB8,NM_002214.2,199.50,199.50,1.00,173.44,199.50,-1.15
Endogenous,JAG1,NM_000214.2,14.51,14.51,1.00,14.45,14.51,-1.00
Endogenous,JAG2,NM_145159.1,300.16,300.16,1.00,197.90,300.16,-1.52
Endogenous,JAK1,NM_002227.1,42.62,42.62,1.00,43.36,42.62,1.02
Endogenous,JAK2,NM_004972.2,282.02,282.02,1.00,234.59,282.02,-1.20
Endogenous,JAK3,NM_000215.2,12.70,12.70,1.00,5.56,12.70,-2.28
Endogenous,JUN,NM_002228.3,336.43,336.43,1.00,347.99,336.43,1.03
Endogenous,KAT2B,NM_003884.3,91.59,91.59,1.00,103.40,91.59,1.13
Endogenous,KDM5C,NM_004187.2,581.27,581.27,1.00,537.00,581.27,-1.08
Endogenous,KDM6A,NM_021140.2,227.61,227.61,1.00,215.69,227.61,-1.06
Endogenous,KIT,NM_000222.1,14.51,14.51,1.00,23.35,14.51,1.61
Endogenous,KITLG,NM_003994.4,202.22,202.22,1.00,223.47,202.22,1.11
Endogenous,KLF4,NM_004235.4,401.72,401.72,1.00,421.37,401.72,1.05
Endogenous,KMT2C,NM_170606.2,454.31,454.31,1.00,368.01,454.31,-1.23
Endogenous,KMT2D,NM_003482.3,355.47,355.47,1.00,342.43,355.47,-1.04
Endogenous,KRAS,NM_004985.3,1368.38,1368.38,1.00,1255.22,1368.38,-1.09
Endogenous,LAMA1,NM_005559.2,9.07,9.07,1.00,1.11,9.07,-8.16
Endogenous,LAMA3,NM_000227.3,44.43,44.43,1.00,37.80,44.43,-1.18
Endogenous,LAMA5,NM_005560.3,75.27,75.27,1.00,56.70,75.27,-1.33
Endogenous,LAMB3,NM_000228.2,29.02,29.02,1.00,27.79,29.02,-1.04
Endogenous,LAMC2,NM_005562.2,17.23,17.23,1.00,20.01,17.23,1.16
Endogenous,LAMC3,NM_006059.3,4.53,4.53,1.00,7.78,4.53,1.72
Endogenous,LAT,NM_001014987.1,39.90,39.90,1.00,22.24,39.90,-1.79
Endogenous,LEF1,NM_016269.3,260.26,260.26,1.00,270.17,260.26,1.04
Endogenous,LEFTY1,NM_020997.2,12.70,12.70,1.00,18.90,12.70,1.49
Endogenous,LEFTY2,NM_003240.2,1.00,1.00,1.00,4.45,1.00,4.45
Endogenous,LEP,NM_000230.2,6.35,6.35,1.00,2.22,6.35,-2.85
Endogenous,LEPR,NM_001003679.1,36.27,36.27,1.00,23.35,36.27,-1.55
Endogenous,LIF,NM_002309.3,43.53,43.53,1.00,56.70,43.53,1.30
Endogenous,LIFR,NM_002310.3,59.85,59.85,1.00,70.04,59.85,1.17
Endogenous,LIG4,NM_002312.3,234.86,234.86,1.00,211.24,234.86,-1.11
Endogenous,LRP2,NM_004525.2,12.70,12.70,1.00,18.90,12.70,1.49
Endogenous,MAD2L2,NM_001127325.1,866.91,866.91,1.00,928.35,866.91,1.07
Endogenous,MAML2,NM_032427.1,9.97,9.97,1.00,3.34,9.97,-2.99
Endogenous,MAP2K1,NM_002755.2,668.32,668.32,1.00,657.07,668.32,-1.02
Endogenous,MAP2K2,NM_030662.2,995.68,995.68,1.00,976.16,995.68,-1.02
Endogenous,MAP2K4,NM_003010.2,332.80,332.80,1.00,319.09,332.80,-1.04
Endogenous,MAP2K6,NM_002758.3,83.43,83.43,1.00,76.71,83.43,-1.09
Endogenous,MAP3K1,NM_005921.1,299.25,299.25,1.00,291.29,299.25,-1.03
Endogenous,MAP3K12,NM_006301.2,108.82,108.82,1.00,94.50,108.82,-1.15
Endogenous,MAP3K13,NM_004721.3,38.99,38.99,1.00,52.25,38.99,1.34
Endogenous,MAP3K14,NM_003954.1,189.52,189.52,1.00,181.22,189.52,-1.05
Endogenous,MAP3K5,NM_005923.3,174.11,174.11,1.00,141.20,174.11,-1.23
Endogenous,MAP3K8,NM_005204.2,7.25,7.25,1.00,5.56,7.25,-1.31
Endogenous,MAPK1,NM_138957.2,1352.96,1352.96,1.00,1349.72,1352.96,-1.00
Endogenous,MAPK10,NM_002753.2,5.44,5.44,1.00,2.22,5.44,-2.45
Endogenous,MAPK12,NM_002969.3,323.73,323.73,1.00,291.29,323.73,-1.11
Endogenous,MAPK3,NM_001040056.1,587.61,587.61,1.00,505.87,587.61,-1.16
Endogenous,MAPK8,NM_002750.2,581.27,581.27,1.00,602.59,581.27,1.04
Endogenous,MAPK8IP1,NM_005456.2,221.26,221.26,1.00,201.24,221.26,-1.10
Endogenous,MAPK8IP2,NM_012324.2,337.33,337.33,1.00,315.75,337.33,-1.07
Endogenous,MAPK9,NM_139068.2,611.19,611.19,1.00,614.82,611.19,1.01
Endogenous,MAPT,NM_016834.3,46.25,46.25,1.00,34.47,46.25,-1.34
Endogenous,MCM2,NM_004526.2,1017.44,1017.44,1.00,982.83,1017.44,-1.04
Endogenous,MCM4,NM_182746.1,3132.13,3132.13,1.00,2819.52,3132.13,-1.11
Endogenous,MCM5,NM_006739.3,441.62,441.62,1.00,406.92,441.62,-1.09
Endogenous,MCM7,NM_182776.1,8903.09,8903.09,1.00,8076.11,8903.09,-1.10
Endogenous,MDC1,NM_014641.2,1022.88,1022.88,1.00,866.09,1022.88,-1.18
Endogenous,MDM2,NM_006878.2,2706.84,2706.84,1.00,3491.05,2706.84,1.29
Endogenous,MED12,NM_005120.2,355.47,355.47,1.00,297.96,355.47,-1.19
Endogenous,MEN1,NM_130802.2,938.55,938.55,1.00,856.09,938.55,-1.10
Endogenous,MET,NM_000245.2,216.73,216.73,1.00,182.34,216.73,-1.19
Endogenous,MFNG,NM_002405.2,11.79,11.79,1.00,10.01,11.79,-1.18
Endogenous,MGMT,NM_002412.3,18.14,18.14,1.00,17.79,18.14,-1.02
Endogenous,MLF1,NM_022443.3,574.01,574.01,1.00,645.96,574.01,1.13
Endogenous,MLH1,NM_000249.2,1104.50,1104.50,1.00,1018.41,1104.50,-1.08
Endogenous,MLLT3,NM_004529.2,90.68,90.68,1.00,97.84,90.68,1.08
Endogenous,MLLT4,NM_005936.2,542.27,542.27,1.00,485.86,542.27,-1.12
Endogenous,MMP3,NM_002422.3,5.44,5.44,1.00,3.34,5.44,-1.63
Endogenous,MMP7,NM_002423.3,4.53,4.53,1.00,7.78,4.53,1.72
Endogenous,MMP9,NM_004994.2,4.53,4.53,1.00,5.56,4.53,1.23
Endogenous,MNAT1,NM_002431.2,488.77,488.77,1.00,514.76,488.77,1.05
Endogenous,MPO,NM_000250.1,4.53,4.53,1.00,5.56,4.53,1.23
Endogenous,MSH2,NM_000251.1,659.25,659.25,1.00,585.92,659.25,-1.13
Endogenous,MSH6,NM_000179.1,558.60,558.60,1.00,526.99,558.60,-1.06
Endogenous,MTOR,NM_004958.2,331.89,331.89,1.00,333.54,331.89,1.00
Endogenous,MUTYH,NM_012222.2,82.52,82.52,1.00,62.26,82.52,-1.33
Endogenous,MYB,NM_005375.2,111.54,111.54,1.00,106.73,111.54,-1.05
Endogenous,MYC,NM_002467.3,2664.22,2664.22,1.00,2749.48,2664.22,1.03
Endogenous,MYCN,NM_005378.4,14.51,14.51,1.00,11.12,14.51,-1.31
Endogenous,MYD88,NM_002468.3,354.56,354.56,1.00,283.51,354.56,-1.25
Endogenous,NASP,NM_172164.1,644.74,644.74,1.00,513.65,644.74,-1.26
Endogenous,NBN,NM_001024688.1,931.30,931.30,1.00,867.20,931.30,-1.07
Endogenous,NCOR1,NM_006311.3,1509.84,1509.84,1.00,1365.29,1509.84,-1.11
Endogenous,NF1,NM_000267.2,904.09,904.09,1.00,905.00,904.09,1.00
Endogenous,NF2,NM_181828.2,989.33,989.33,1.00,956.15,989.33,-1.03
Endogenous,NFATC1,NM_172389.1,11.79,11.79,1.00,7.78,11.79,-1.51
Endogenous,NFE2L2,NM_006164.3,352.75,352.75,1.00,344.66,352.75,-1.02
Endogenous,NFKB1,NM_003998.2,189.52,189.52,1.00,175.66,189.52,-1.08
Endogenous,NFKBIA,NM_020529.1,1251.40,1251.40,1.00,1444.23,1251.40,1.15
Endogenous,NFKBIZ,NM_001005474.1,477.89,477.89,1.00,622.61,477.89,1.30
Endogenous,NGF,NM_002506.2,10.88,10.88,1.00,4.45,10.88,-2.45
Endogenous,NGFR,NM_002507.1,9.07,9.07,1.00,11.12,9.07,1.23
Endogenous,NKD1,NM_033119.3,3.63,3.63,1.00,4.45,3.63,1.23
Endogenous,NODAL,NM_018055.3,2.72,2.72,1.00,5.56,2.72,2.04
Endogenous,NOG,NM_005450.4,5.44,5.44,1.00,7.78,5.44,1.43
Endogenous,NOTCH1,NM_017617.3,145.09,145.09,1.00,135.64,145.09,-1.07
Endogenous,NOTCH2,NM_024408.3,194.06,194.06,1.00,172.33,194.06,-1.13
Endogenous,NOTCH3,NM_000435.2,312.85,312.85,1.00,252.38,312.85,-1.24
Endogenous,NPM1,NM_002520.5,77.08,77.08,1.00,70.04,77.08,-1.10
Endogenous,NPM2,NM_182795.1,253.91,253.91,1.00,257.94,253.91,1.02
Endogenous,NR4A1,NM_173157.1,88.87,88.87,1.00,116.74,88.87,1.31
Endogenous,NR4A3,NM_173198.1,23.58,23.58,1.00,35.58,23.58,1.51
Endogenous,NRAS,NM_002524.3,382.68,382.68,1.00,369.12,382.68,-1.04
Endogenous,NTF3,NM_002527.4,5.44,5.44,1.00,4.45,5.44,-1.22
Endogenous,NTHL1,NM_002528.5,451.59,451.59,1.00,439.16,451.59,-1.03
Endogenous,NUMBL,NM_004756.3,163.23,163.23,1.00,145.65,163.23,-1.12
Endogenous,NUPR1,NM_001042483.1,1261.38,1261.38,1.00,1149.60,1261.38,-1.10
Endogenous,OSM,NM_020530.3,14.51,14.51,1.00,5.56,14.51,-2.61
Endogenous,PAK3,NM_002578.2,7.25,7.25,1.00,5.56,7.25,-1.31
Endogenous,PAK7,NM_177990.1,3.63,3.63,1.00,3.34,3.63,-1.09
Endogenous,PAX3,NM_013942.3,1.00,1.00,1.00,1.11,1.00,1.11
Endogenous,PAX5,NM_016734.1,92.49,92.49,1.00,67.82,92.49,-1.36
Endogenous,PAX8,NM_013953.3,33.55,33.55,1.00,41.14,33.55,1.23
Endogenous,PBRM1,NM_181042.3,1127.17,1127.17,1.00,1096.23,1127.17,-1.03
Endogenous,PBX1,NM_002585.2,87.05,87.05,1.00,71.16,87.05,-1.22
Endogenous,PBX3,NM_006195.5,175.01,175.01,1.00,161.21,175.01,-1.09
Endogenous,PCK1,NM_002591.2,2.72,2.72,1.00,3.34,2.72,1.23
Endogenous,PCNA,NM_002592.2,1040.11,1040.11,1.00,978.38,1040.11,-1.06
Endogenous,PDGFB,NM_033016.2,10.88,10.88,1.00,18.90,10.88,1.74
Endogenous,PDGFC,NM_016205.1,9.97,9.97,1.00,3.34,9.97,-2.99
Endogenous,PDGFD,NM_025208.4,2.72,2.72,1.00,4.45,2.72,1.63
Endogenous,PDGFRA,NM_006206.3,6.35,6.35,1.00,3.34,6.35,-1.90
Endogenous,PDGFRB,NM_002609.3,2.72,2.72,1.00,4.45,2.72,1.63
Endogenous,PGF,NM_002632.5,6.35,6.35,1.00,10.01,6.35,1.58
Endogenous,PIK3CA,NM_006218.2,266.60,266.60,1.00,221.25,266.60,-1.20
Endogenous,PIK3CB,NM_006219.1,249.37,249.37,1.00,224.58,249.37,-1.11
Endogenous,PIK3CD,NM_005026.3,1.00,1.00,1.00,3.34,1.00,3.34
Endogenous,PIK3R1,NM_181504.2,211.29,211.29,1.00,194.56,211.29,-1.09
Endogenous,PIK3R2,NM_005027.2,306.50,306.50,1.00,300.19,306.50,-1.02
Endogenous,PIK3R3,NM_003629.3,502.37,502.37,1.00,465.84,502.37,-1.08
Endogenous,PIK3R5,NM_001142633.1,7.25,7.25,1.00,5.56,7.25,-1.31
Endogenous,PIM1,NM_002648.2,81.61,81.61,1.00,74.49,81.61,-1.10
Endogenous,PITX2,NM_000325.5,17.23,17.23,1.00,17.79,17.23,1.03
Endogenous,PKMYT1,NM_004203.3,321.01,321.01,1.00,276.84,321.01,-1.16
Endogenous,PLA1A,NM_015900.2,27.20,27.20,1.00,16.68,27.20,-1.63
Endogenous,PLA2G10,NM_003561.1,26.30,26.30,1.00,22.24,26.30,-1.18
Endogenous,PLA2G2A,NM_000300.2,10.88,10.88,1.00,8.89,10.88,-1.22
Endogenous,PLA2G3,NM_015715.3,600.31,600.31,1.00,572.58,600.31,-1.05
Endogenous,PLA2G4A,NM_024420.2,76.17,76.17,1.00,93.39,76.17,1.23
Endogenous,PLA2G4C,NM_003706.2,9.97,9.97,1.00,14.45,9.97,1.45
Endogenous,PLA2G4E,NM_001206670.1,8.16,8.16,1.00,7.78,8.16,-1.05
Endogenous,PLA2G4F,NM_213600.2,13.60,13.60,1.00,18.90,13.60,1.39
Endogenous,PLAT,NM_000931.2,41.71,41.71,1.00,55.59,41.71,1.33
Endogenous,PLAU,NM_002658.2,8.16,8.16,1.00,3.34,8.16,-2.45
Endogenous,PLCB1,NM_182734.1,290.18,290.18,1.00,285.73,290.18,-1.02
Endogenous,PLCB4,NM_000933.3,116.98,116.98,1.00,135.64,116.98,1.16
Endogenous,PLCG2,NM_002661.2,7.25,7.25,1.00,5.56,7.25,-1.31
Endogenous,PLD1,NM_002662.3,7.25,7.25,1.00,8.89,7.25,1.23
Endogenous,PML,NM_002675.3,76.17,76.17,1.00,67.82,76.17,-1.12
Endogenous,POLB,NM_002690.1,447.06,447.06,1.00,582.58,447.06,1.30
Endogenous,POLD1,NM_002691.2,112.44,112.44,1.00,117.85,112.44,1.05
Endogenous,POLE2,NM_002692.2,351.84,351.84,1.00,343.55,351.84,-1.02
Endogenous,POLR2D,NM_004805.3,589.43,589.43,1.00,563.68,589.43,-1.05
Endogenous,POLR2H,NM_001278698.1,1125.35,1125.35,1.00,1070.66,1125.35,-1.05
Endogenous,POLR2J,NM_006234.4,180.46,180.46,1.00,170.11,180.46,-1.06
Endogenous,PPARG,NM_015869.3,7.25,7.25,1.00,7.78,7.25,1.07
Endogenous,PPARGC1A,NM_013261.3,32.65,32.65,1.00,25.57,32.65,-1.28
Endogenous,PPP2CB,NM_001009552.1,2688.70,2688.70,1.00,2644.97,2688.70,-1.02
Endogenous,PPP2R1A,NM_014225.3,3405.08,3405.08,1.00,3347.63,3405.08,-1.02
Endogenous,PPP2R2B,NM_181676.2,35.37,35.37,1.00,26.68,35.37,-1.33
Endogenous,PPP2R2C,NM_181876.2,58.04,58.04,1.00,42.25,58.04,-1.37
Endogenous,PPP3CA,NM_000944.4,4965.71,4965.71,1.00,5023.11,4965.71,1.01
Endogenous,PPP3CB,NM_001142354.1,219.45,219.45,1.00,205.68,219.45,-1.07
Endogenous,PPP3CC,NM_005605.3,174.11,174.11,1.00,165.66,174.11,-1.05
Endogenous,PPP3R1,NM_000945.3,2187.23,2187.23,1.00,1986.78,2187.23,-1.10
Endogenous,PPP3R2,NM_147180.2,6.35,6.35,1.00,5.56,6.35,-1.14
Endogenous,PRDM1,NM_182907.1,5.44,5.44,1.00,4.45,5.44,-1.22
Endogenous,PRKAA2,NM_006252.2,284.74,284.74,1.00,221.25,284.74,-1.29
Endogenous,PRKACA,NM_002730.3,1967.78,1967.78,1.00,1891.17,1967.78,-1.04
Endogenous,PRKACB,NM_182948.2,120.61,120.61,1.00,117.85,120.61,-1.02
Endogenous,PRKACG,NM_002732.2,9.07,9.07,1.00,11.12,9.07,1.23
Endogenous,PRKAR2A,NM_004157.2,1691.21,1691.21,1.00,1627.67,1691.21,-1.04
Endogenous,PRKAR2B,NM_002736.2,463.38,463.38,1.00,433.60,463.38,-1.07
Endogenous,PRKCA,NM_002737.2,107.91,107.91,1.00,114.52,107.91,1.06
Endogenous,PRKCB,NM_212535.1,5.44,5.44,1.00,1.11,5.44,-4.89
Endogenous,PRKCG,NM_002739.3,7.25,7.25,1.00,10.01,7.25,1.38
Endogenous,PRKDC,NM_006904.6,2417.56,2417.56,1.00,2375.91,2417.56,-1.02
Endogenous,PRKX,NM_005044.1,42.62,42.62,1.00,37.80,42.62,-1.13
Endogenous,PRL,NM_000948.3,4.53,4.53,1.00,2.22,4.53,-2.04
Endogenous,PRLR,NM_001204318.1,226.70,226.70,1.00,236.81,226.70,1.04
Endogenous,PRMT8,NM_019854.3,3.63,3.63,1.00,4.45,3.63,1.23
Endogenous,PROM1,NM_006017.1,3.63,3.63,1.00,1.11,3.63,-3.26
Endogenous,PTCH1,NM_000264.3,139.65,139.65,1.00,122.30,139.65,-1.14
Endogenous,PTCRA,NM_138296.2,2.72,2.72,1.00,1.11,2.72,-2.45
Endogenous,PTEN,NM_000314.3,1437.30,1437.30,1.00,1378.63,1437.30,-1.04
Endogenous,PTPN5,NM_001039970.1,1.00,1.00,1.00,1.11,1.00,1.11
Endogenous,PTPRR,NM_001207015.1,126.95,126.95,1.00,131.19,126.95,1.03
Endogenous,PTTG2,NM_006607.2,1141.68,1141.68,1.00,953.92,1141.68,-1.20
Endogenous,RAC1,NM_198829.1,3236.42,3236.42,1.00,3073.01,3236.42,-1.05
Endogenous,RAC2,NM_002872.3,35.37,35.37,1.00,26.68,35.37,-1.33
Endogenous,RAC3,NM_005052.2,184.08,184.08,1.00,150.09,184.08,-1.23
Endogenous,RAD21,NM_006265.2,4447.92,4447.92,1.00,4225.95,4447.92,-1.05
Endogenous,RAD50,NM_005732.2,420.76,420.76,1.00,412.48,420.76,-1.02
Endogenous,RAD51,NM_133487.2,369.07,369.07,1.00,386.91,369.07,1.05
Endogenous,RAD52,NM_134424.2,290.18,290.18,1.00,263.50,290.18,-1.10
Endogenous,RAF1,NM_002880.2,670.13,670.13,1.00,609.27,670.13,-1.10
Endogenous,RASA4,NM_001079877.2,381.77,381.77,1.00,374.68,381.77,-1.02
Endogenous,RASAL1,NM_004658.1,12.70,12.70,1.00,8.89,12.70,-1.43
Endogenous,RASGRF1,NM_153815.2,4.53,4.53,1.00,1.11,4.53,-4.08
Endogenous,RASGRF2,NM_006909.1,5.44,5.44,1.00,1.11,5.44,-4.89
Endogenous,RASGRP1,NM_005739.3,35.37,35.37,1.00,41.14,35.37,1.16
Endogenous,RB1,NM_000321.1,974.82,974.82,1.00,882.77,974.82,-1.10
Endogenous,RBX1,NM_014248.2,2724.07,2724.07,1.00,2668.32,2724.07,-1.02
Endogenous,RELA,NM_021975.3,354.56,354.56,1.00,339.10,354.56,-1.05
Endogenous,RELN,NM_005045.2,36.27,36.27,1.00,41.14,36.27,1.13
Endogenous,RET,NM_020630.4,5.44,5.44,1.00,3.34,5.44,-1.63
Endogenous,RFC3,NM_002915.3,2027.63,2027.63,1.00,2065.72,2027.63,1.02
Endogenous,RFC4,NM_181573.2,1251.40,1251.40,1.00,1216.31,1251.40,-1.03
Endogenous,RHOA,NM_001664.2,1300.37,1300.37,1.00,1300.80,1300.37,1.00
Endogenous,RIN1,NM_004292.2,19.04,19.04,1.00,28.91,19.04,1.52
Endogenous,RNF43,NM_017763.4,66.20,66.20,1.00,72.27,66.20,1.09
Endogenous,RPA3,NM_002947.3,13.60,13.60,1.00,15.57,13.60,1.14
Endogenous,RPS27A,NM_002954.5,64241.34,64241.34,1.00,72694.97,64241.34,1.13
Endogenous,RPS6KA5,NM_004755.2,132.39,132.39,1.00,134.53,132.39,1.02
Endogenous,RPS6KA6,NM_014496.1,186.80,186.80,1.00,142.31,186.80,-1.31
Endogenous,RRAS2,NM_001102669.2,592.15,592.15,1.00,601.48,592.15,1.02
Endogenous,RUNX1,NM_001754.4,5.44,5.44,1.00,1.11,5.44,-4.89
Endogenous,RUNX1T1,NM_004349.2,5.44,5.44,1.00,2.22,5.44,-2.45
Endogenous,RXRG,NM_006917.3,5.44,5.44,1.00,4.45,5.44,-1.22
Endogenous,SETBP1,NM_015559.2,204.03,204.03,1.00,160.10,204.03,-1.27
Endogenous,SETD2,NM_014159.6,359.10,359.10,1.00,329.09,359.10,-1.09
Endogenous,SF3B1,NM_001005526.1,1812.72,1812.72,1.00,1696.61,1812.72,-1.07
Endogenous,SFN,NM_006142.3,2895.45,2895.45,1.00,2715.01,2895.45,-1.07
Endogenous,SFRP1,NM_003012.3,5.44,5.44,1.00,7.78,5.44,1.43
Endogenous,SFRP2,NM_003013.2,9.97,9.97,1.00,3.34,9.97,-2.99
Endogenous,SFRP4,NM_003014.2,3.63,3.63,1.00,4.45,3.63,1.23
Endogenous,SGK2,NM_170693.1,77.08,77.08,1.00,66.71,77.08,-1.16
Endogenous,SHC1,NM_183001.4,1122.63,1122.63,1.00,1091.79,1122.63,-1.03
Endogenous,SHC2,NM_012435.2,47.15,47.15,1.00,53.37,47.15,1.13
Endogenous,SHC3,NM_016848.5,5.44,5.44,1.00,2.22,5.44,-2.45
Endogenous,SHC4,NM_203349.2,30.83,30.83,1.00,21.12,30.83,-1.46
Endogenous,SIN3A,NM_015477.1,334.61,334.61,1.00,295.74,334.61,-1.13
Endogenous,SIRT4,NM_012240.1,23.58,23.58,1.00,33.35,23.58,1.41
Endogenous,SIX1,NM_005982.3,15.42,15.42,1.00,10.01,15.42,-1.54
Endogenous,SKP1,NM_170679.2,8468.73,8468.73,1.00,9032.25,8468.73,1.07
Endogenous,SKP2,NM_005983.2,1364.75,1364.75,1.00,1308.59,1364.75,-1.04
Endogenous,SMAD2,NM_001003652.1,545.90,545.90,1.00,513.65,545.90,-1.06
Endogenous,SMAD3,NM_005902.3,175.01,175.01,1.00,242.37,175.01,1.38
Endogenous,SMAD4,NM_005359.3,703.69,703.69,1.00,711.55,703.69,1.01
Endogenous,SMAD9,NM_005905.2,563.13,563.13,1.00,593.70,563.13,1.05
Endogenous,SMARCA4,NM_003072.3,1753.78,1753.78,1.00,1609.88,1753.78,-1.09
Endogenous,SMARCB1,NM_003073.3,678.30,678.30,1.00,617.05,678.30,-1.10
Endogenous,SMC1A,NM_006306.2,833.36,833.36,1.00,803.83,833.36,-1.04
Endogenous,SMC1B,NM_148674.3,47.15,47.15,1.00,57.81,47.15,1.23
Endogenous,SMC3,NM_005445.3,1784.61,1784.61,1.00,1738.85,1784.61,-1.03
Endogenous,SMO,NM_005631.3,13.60,13.60,1.00,14.45,13.60,1.06
Endogenous,SOCS1,NM_003745.1,14.51,14.51,1.00,20.01,14.51,1.38
Endogenous,SOCS2,NM_003877.3,40.81,40.81,1.00,45.58,40.81,1.12
Endogenous,SOS1,NM_005633.2,314.66,314.66,1.00,333.54,314.66,1.06
Endogenous,SOS2,NM_006939.2,146.00,146.00,1.00,151.20,146.00,1.04
Endogenous,SOST,NM_025237.2,5.44,5.44,1.00,2.22,5.44,-2.45
Endogenous,SOX17,NM_022454.3,9.07,9.07,1.00,3.34,9.07,-2.72
Endogenous,SOX9,NM_000346.2,827.92,827.92,1.00,673.75,827.92,-1.23
Endogenous,SP1,NM_003109.1,321.01,321.01,1.00,311.30,321.01,-1.03
Endogenous,SPOP,NM_001007226.1,30.83,30.83,1.00,36.69,30.83,1.19
Endogenous,SPP1,NM_000582.2,2.72,2.72,1.00,3.34,2.72,1.23
Endogenous,SPRY1,NM_005841.1,83.43,83.43,1.00,92.28,83.43,1.11
Endogenous,SPRY2,NM_005842.2,263.88,263.88,1.00,277.95,263.88,1.05
Endogenous,SPRY4,NM_030964.3,148.72,148.72,1.00,164.55,148.72,1.11
Endogenous,SRSF2,NM_003016.3,1219.66,1219.66,1.00,1053.99,1219.66,-1.16
Endogenous,STAG2,NM_001042749.1,912.25,912.25,1.00,836.07,912.25,-1.09
Endogenous,STAT1,NM_007315.2,354.56,354.56,1.00,361.33,354.56,1.02
Endogenous,STAT3,NM_139276.2,482.42,482.42,1.00,429.15,482.42,-1.12
Endogenous,STAT4,NM_003151.2,15.42,15.42,1.00,14.45,15.42,-1.07
Endogenous,STK11,NM_000455.4,340.96,340.96,1.00,311.30,340.96,-1.10
Endogenous,STMN1,NM_203401.1,4763.49,4763.49,1.00,4846.33,4763.49,1.02
Endogenous,SUV39H2,NM_024670.3,734.52,734.52,1.00,746.02,734.52,1.02
Endogenous,SYK,NM_003177.3,335.52,335.52,1.00,259.05,335.52,-1.30
Endogenous,TBL1XR1,NM_024665.4,2176.35,2176.35,1.00,2195.80,2176.35,1.01
Endogenous,TCF3,NM_003200.2,999.31,999.31,1.00,806.05,999.31,-1.24
Endogenous,TCF7L1,NM_031283.1,9.97,9.97,1.00,10.01,9.97,1.00
Endogenous,TCL1B,NM_004918.2,5.44,5.44,1.00,1.11,5.44,-4.89
Endogenous,TET2,NM_001127208.2,511.44,511.44,1.00,516.99,511.44,1.01
Endogenous,TFDP1,NM_007111.4,1050.09,1050.09,1.00,1030.64,1050.09,-1.02
Endogenous,TGFB1,NM_000660.3,128.77,128.77,1.00,95.61,128.77,-1.35
Endogenous,TGFB2,NM_003238.2,41.71,41.71,1.00,43.36,41.71,1.04
Endogenous,TGFB3,NM_003239.2,48.06,48.06,1.00,42.25,48.06,-1.14
Endogenous,TGFBR2,NM_001024847.1,72.55,72.55,1.00,55.59,72.55,-1.31
Endogenous,THBS1,NM_003246.2,1290.39,1290.39,1.00,1184.07,1290.39,-1.09
Endogenous,THBS4,NM_003248.3,11.79,11.79,1.00,12.23,11.79,1.04
Endogenous,THEM4,NM_053055.4,437.08,437.08,1.00,441.38,437.08,1.01
Endogenous,TIAM1,NM_003253.2,5.44,5.44,1.00,10.01,5.44,1.84
Endogenous,TLR2,NM_003264.3,1.00,1.00,1.00,13.34,1.00,13.34
Endogenous,TLR4,NM_138554.2,4.53,4.53,1.00,3.34,4.53,-1.36
Endogenous,TLX1,NM_005521.3,76.17,76.17,1.00,56.70,76.17,-1.34
Endogenous,TMPRSS2,NM_005656.2,177.74,177.74,1.00,249.04,177.74,1.40
Endogenous,TNC,NM_002160.3,70.73,70.73,1.00,80.05,70.73,1.13
Endogenous,TNFAIP3,NM_006290.2,9.07,9.07,1.00,11.12,9.07,1.23
Endogenous,TNFRSF10A,NM_003844.2,131.49,131.49,1.00,128.97,131.49,-1.02
Endogenous,TNFRSF10B,NM_003842.3,127.86,127.86,1.00,151.20,127.86,1.18
Endogenous,TNFRSF10C,NM_003841.2,8.16,8.16,1.00,12.23,8.16,1.50
Endogenous,TNFRSF10D,NM_003840.3,178.64,178.64,1.00,240.15,178.64,1.34
Endogenous,TNFSF10,NM_003810.2,4.53,4.53,1.00,5.56,4.53,1.23
Endogenous,TNN,NM_022093.1,4.53,4.53,1.00,1.11,4.53,-4.08
Endogenous,TNR,NM_003285.2,5.44,5.44,1.00,3.34,5.44,-1.63
Endogenous,TP53,NM_000546.2,380.86,380.86,1.00,373.56,380.86,-1.02
Endogenous,TPO,NM_175722.1,1.00,1.00,1.00,4.45,1.00,4.45
Endogenous,TRAF7,NM_032271.2,1098.15,1098.15,1.00,1028.41,1098.15,-1.07
Endogenous,TSC1,NM_000368.3,141.46,141.46,1.00,111.18,141.46,-1.27
Endogenous,TSHR,NM_001018036.2,1.00,1.00,1.00,1.11,1.00,1.11
Endogenous,TSLP,NM_033035.4,92.49,92.49,1.00,123.41,92.49,1.33
Endogenous,TSPAN7,NM_004615.3,15.42,15.42,1.00,22.24,15.42,1.44
Endogenous,TTK,NM_003318.3,551.34,551.34,1.00,472.51,551.34,-1.17
Endogenous,U2AF1,NM_001025203.1,4796.13,4796.13,1.00,4239.29,4796.13,-1.13
Endogenous,UBB,NM_018955.2,10342.20,10342.20,1.00,10527.62,10342.20,1.02
Endogenous,UBE2T,NM_014176.3,2513.69,2513.69,1.00,2524.90,2513.69,1.00
Endogenous,VEGFA,NM_001025366.1,1317.60,1317.60,1.00,1161.83,1317.60,-1.13
Endogenous,VEGFC,NM_005429.2,30.83,30.83,1.00,16.68,30.83,-1.85
Endogenous,VHL,NM_000551.2,862.38,862.38,1.00,814.95,862.38,-1.06
Endogenous,WEE1,NM_003390.3,1555.18,1555.18,1.00,1565.41,1555.18,1.01
Endogenous,WHSC1,NM_007331.1,1537.05,1537.05,1.00,1391.97,1537.05,-1.10
Endogenous,WHSC1L1,NM_017778.2,892.30,892.30,1.00,770.48,892.30,-1.16
Endogenous,WIF1,NM_007191.2,99.75,99.75,1.00,107.84,99.75,1.08
Endogenous,WNT10A,NM_025216.2,4.53,4.53,1.00,4.45,4.53,-1.02
Endogenous,WNT10B,NM_003394.2,97.94,97.94,1.00,84.50,97.94,-1.16
Endogenous,WNT11,NM_004626.2,9.07,9.07,1.00,4.45,9.07,-2.04
Endogenous,WNT2,NM_003391.2,12.70,12.70,1.00,15.57,12.70,1.23
Endogenous,WNT2B,NM_024494.1,9.97,9.97,1.00,4.45,9.97,-2.24
Endogenous,WNT3,NM_030753.3,17.23,17.23,1.00,13.34,17.23,-1.29
Endogenous,WNT5A,NM_003392.3,11.79,11.79,1.00,13.34,11.79,1.13
Endogenous,WNT6,NM_006522.3,7.25,7.25,1.00,7.78,7.25,1.07
Endogenous,WNT7A,NM_004625.3,16.32,16.32,1.00,10.01,16.32,-1.63
Endogenous,WNT7B,NM_058238.1,8.16,8.16,1.00,4.45,8.16,-1.84
Endogenous,WT1,NM_000378.3,41.71,41.71,1.00,35.58,41.71,-1.17
Endogenous,XPA,NM_000380.3,277.48,277.48,1.00,306.86,277.48,1.11
Endogenous,XRCC4,NM_003401.3,87.96,87.96,1.00,83.38,87.96,-1.05
Endogenous,ZAK,NM_016653.2,45.34,45.34,1.00,40.02,45.34,-1.13
Endogenous,ZBTB16,NM_006006.4,552.25,552.25,1.00,641.51,552.25,1.16
Endogenous,ZIC2,NM_007129.2,215.82,215.82,1.00,189.01,215.82,-1.14
Housekeeping,ACAD9,NM_014049.4,484.24,484.24,1.00,461.40,484.24,-1.05
Housekeeping,AGK,NM_018238.3,641.12,641.12,1.00,665.97,641.12,1.04
Housekeeping,AMMECR1L,NM_001199140.1,202.22,202.22,1.00,158.99,202.22,-1.27
Housekeeping,C10orf76,NM_024541.2,204.94,204.94,1.00,233.48,204.94,1.14
Housekeeping,CC2D1B,NM_032449.2,16.32,16.32,1.00,27.79,16.32,1.70
Housekeeping,CNOT10,NM_001256741.1,706.41,706.41,1.00,645.96,706.41,-1.09
Housekeeping,CNOT4,NM_001190848.1,454.31,454.31,1.00,519.21,454.31,1.14
Housekeeping,COG7,NM_153603.3,420.76,420.76,1.00,403.58,420.76,-1.04
Housekeeping,DDX50,NM_024045.1,884.14,884.14,1.00,939.47,884.14,1.06
Housekeeping,DHX16,NM_001164239.1,267.51,267.51,1.00,282.40,267.51,1.06
Housekeeping,DNAJC14,NM_032364.5,240.31,240.31,1.00,223.47,240.31,-1.08
Housekeeping,EDC3,NM_001142443.1,951.25,951.25,1.00,1278.57,951.25,1.34
Housekeeping,EIF2B4,NM_172195.3,999.31,999.31,1.00,881.66,999.31,-1.13
Housekeeping,ERCC3,NM_000122.1,110.63,110.63,1.00,75.60,110.63,-1.46
Housekeeping,FCF1,NM_015962.4,1319.41,1319.41,1.00,1196.30,1319.41,-1.10
Housekeeping,FTSJ2,NM_013393.1,1297.65,1297.65,1.00,1253.00,1297.65,-1.04
Housekeeping,GPATCH3,NM_022078.2,53.50,53.50,1.00,41.14,53.50,-1.30
Housekeeping,HDAC3,NM_003883.2,744.49,744.49,1.00,787.15,744.49,1.06
Housekeeping,MRPS5,NM_031902.3,1603.25,1603.25,1.00,1566.52,1603.25,-1.02
Housekeeping,MTMR14,NM_022485.3,335.52,335.52,1.00,412.48,335.52,1.23
Housekeeping,NOL7,NM_016167.3,2054.84,2054.84,1.00,1825.57,2054.84,-1.13
Housekeeping,NUBP1,NM_001278506.1,146.00,146.00,1.00,153.43,146.00,1.05
Housekeeping,PIAS1,NM_016166.1,234.86,234.86,1.00,196.79,234.86,-1.19
Housekeeping,PIK3R4,NM_014602.1,462.47,462.47,1.00,443.61,462.47,-1.04
Housekeeping,PRPF38A,NM_032864.3,1759.22,1759.22,1.00,1771.10,1759.22,1.01
Housekeeping,RBM45,NM_152945.2,98.84,98.84,1.00,103.40,98.84,1.05
Housekeeping,SAP130,NM_024545.3,362.73,362.73,1.00,361.33,362.73,-1.00
Housekeeping,SF3A3,NM_006802.2,1459.97,1459.97,1.00,1396.42,1459.97,-1.05
Housekeeping,SLC4A1AP,NM_018158.2,509.63,509.63,1.00,490.30,509.63,-1.04
Housekeeping,TLK2,NM_006852.2,496.93,496.93,1.00,476.96,496.93,-1.04
Housekeeping,TMUB2,NM_024107.2,155.07,155.07,1.00,154.54,155.07,-1.00
Housekeeping,TRIM39,NM_021253.3,120.61,120.61,1.00,126.75,120.61,1.05
Housekeeping,TTC31,NR_027749.1,317.38,317.38,1.00,365.78,317.38,1.15
Housekeeping,USP39,NM_001256725.1,771.70,771.70,1.00,691.54,771.70,-1.12
Housekeeping,VPS33B,NM_018668.3,125.14,125.14,1.00,137.86,125.14,1.10
Housekeeping,ZC3H14,NM_001160103.1,629.33,629.33,1.00,669.30,629.33,1.06
Housekeeping,ZKSCAN5,NM_014569.3,110.63,110.63,1.00,104.51,110.63,-1.06
Housekeeping,ZNF143,NM_003442.5,206.75,206.75,1.00,215.69,206.75,1.04
Housekeeping,ZNF346,NM_012279.2,76.17,76.17,1.00,85.61,76.17,1.12
Housekeeping,ZNF384,NM_133476.3,638.40,638.40,1.00,598.15,638.40,-1.07
